id,make,model,model_year,vin
1,Ford,Econoline E150,2001,JH4CL96846C423627
2,Toyota,Sequoia,2009,3C63DPAL1CG952192
3,Rolls-Royce,Phantom,2013,5XYZT3LB7DG991758
4,Buick,Regal,1991,3FA6P0D97DR286486
5,Ford,Crown Victoria,1993,JTDKN3DU8B0631428
6,Dodge,Caliber,2008,WVGEF9BP9ED668619
7,Toyota,Matrix,2009,WBABW53456P965176
8,Pontiac,Grand Prix,1990,3D73M4HL5AG541183
9,Nissan,Maxima,2004,JTEBU4BF3BK278321
10,Ford,Crown Victoria,2008,JTHFF2C24E2634018
11,Mercedes-Benz,E-Class,1992,19UYA42723A602058
12,Spyker,C8 Double 12 S,2006,JHMGE8G29AS033718
13,Chevrolet,Sportvan G20,1993,5UXFG8C58BL772077
14,Lexus,LS,2005,WBAVB735X7F531453
15,BMW,M Roadster,2008,1G4GD5ED2BF522149
16,Suzuki,Forenza,2007,YV4902DZ4C2600036
17,Volkswagen,Eurovan,1994,KM8JT3AFXFU416022
18,Mitsubishi,Tredia,1986,WBAFU9C56DD963328
19,Lincoln,Navigator,2003,1D4PT5GKXBW668871
20,Chevrolet,Aveo,2006,1GTCSBD90A8238025
21,Isuzu,Rodeo,1992,JHMFB4F29CS108421
22,Mazda,Protege,2003,3VWJX7AJXAM465610
23,Volkswagen,Scirocco,1987,1FTMF1EW2AK841680
24,Aston Martin,V8 Vantage,2007,4USFE835X7L129335
25,Audi,5000CS Quattro,1986,WAUBFAFL7EN815849
26,BMW,650,2006,1G6YX36D695474628
27,Saturn,S-Series,1995,JTEBU4BF6EK851149
28,Mitsubishi,Truck,1988,1G4PS5SK1C4290651
29,BMW,5 Series,2011,JM1NC2LFXE0717831
30,Mercedes-Benz,SL-Class,1998,WAULT68E24A373805
31,Pontiac,Vibe,2009,SAJWJ1CD9F8176519
32,Chrysler,Sebring,1996,WAUED64BX1N476394
33,Pontiac,Solstice,2008,WBA5A7C58FG453203
34,Kia,Rio,2003,WUAGNAFG2CN398266
35,Dodge,D350 Club,1992,5FPYK1F27AB272129
36,Ford,F350,2011,5BZAF0AA8EN604321
37,Eagle,Talon,1990,JA32X2HU8BU285595
38,Lotus,Exige,2008,1G4GG5G33CF827544
39,Subaru,SVX,1992,19XFA1E37AE469918
40,Corbin,Sparrow,2004,WBA6B2C5XFG190880
41,Volkswagen,GTI,1987,1GYS3JEF5CR645370
42,Volvo,S80,2010,3C3CFFFH3ET826609
43,Mercedes-Benz,S-Class,1998,WBAGN63544D614751
44,Dodge,Intrepid,1995,KMHHT6KD2DU851854
45,Cadillac,Seville,2004,1FTFW1E80AF853068
46,Volkswagen,Passat,2001,1G4PS5SKXC4171223
47,GMC,Sonoma,2002,WAUHF78PX8A435560
48,Bugatti,Veyron,2011,WBAAV53451J337824
49,Pontiac,Grand Am,1996,3GYFNFE39CS082657
50,Mercedes-Benz,400E,1993,3D73M4EL2BG728936
51,Subaru,Outback,2011,WBAYF8C51DD529671
52,Dodge,Ram,2007,5N1AR1NB9BC304077
53,Mazda,B-Series Plus,1995,WDDNG7DBXDA400773
54,Saab,9000,1999,1G6AS5SX7E0539649
55,Honda,Accord,1994,WVWBB7AJ3DW335498
56,Honda,Civic,2002,3C4PDDAG2ET284621
57,Pontiac,Firefly,1988,1G4GF5G36FF539802
58,Kia,Sportage,2000,WAUUFAFH6AN859890
59,Pontiac,Sunfire,2001,4T1BF1FK0EU893417
60,Jeep,Grand Cherokee,2001,1GYFK53269R441455
61,Buick,Century,1999,KNAFK4A69E5257549
62,Pontiac,Firefly,1991,3C3CFFDR9CT509720
63,Mercedes-Benz,CL-Class,2001,WAUKD98P57A726134
64,Hyundai,Santa Fe,2005,YV1940AS8B1858383
65,Chevrolet,Silverado 3500,2010,1G6DP577X60492352
66,Mercedes-Benz,E-Class,1988,WAUVT68EX2A901998
67,Acura,CL,2001,1GKUCEEF4AR350896
68,Plymouth,Grand Voyager,1997,1GYS3BEF9DR141377
69,Lexus,LS,2008,1G6YV36A595852014
70,Oldsmobile,Bravada,1992,WUAUUAFG4F7087839
71,Mazda,Miata MX-5,2004,1FA6P0G72E5100108
72,Jeep,Commander,2006,WBAUL73528V200673
73,Ford,F250,1994,WAUBF98EX7A062227
74,Toyota,Previa,1996,1FTEX1CM7BF725081
75,Nissan,Maxima,2006,WBAUL73518V473376
76,Daewoo,Nubira,2000,5GTMNGEE2A8076427
77,Dodge,Viper,2008,WAUJFAFH9DN774811
78,Isuzu,Trooper,2002,1FTSW3B58AE431348
79,Toyota,T100 Xtra,1996,19XFB4F20FE823466
80,Acura,NSX,2001,1G6DG577880373864
81,Buick,Coachbuilder,1995,WBA3B1G54FN166450
82,Toyota,Tacoma,2002,5GALRBED9AJ102176
83,GMC,Sonoma,2001,5FNRL5H23EB359840
84,Volkswagen,Jetta,1989,KL4CJCSB7DB482920
85,BMW,M5,2006,WBAYA8C53FG323476
86,Mercury,Grand Marquis,1996,WBA8Z5C52FG348103
87,Porsche,Cayenne,2006,3D73M4CL8BG524189
88,Nissan,Sentra,2005,3VW4A7AT5DM276870
89,Toyota,Corolla,1996,3C63DPHL5CG528598
90,Chevrolet,Tahoe,2000,YV1902FH7D2654756
91,Kia,Rio,2001,1G6DC67AX80821230
92,Buick,Park Avenue,1992,4JGDA0EB4FA097310
93,Chevrolet,Cavalier,1994,2C3CA6CT5BH308402
94,Chevrolet,Express 2500,2006,WBAPH7C5XAE346310
95,BMW,X3,2007,SALVP2BG4FH977071
96,Chevrolet,Silverado 1500,2003,WAUDG78E36A429896
97,Mercedes-Benz,E-Class,1997,5TDBCRFHXFS526420
98,Chevrolet,Corvette,1999,1C6RD6FP9CS673551
99,Volvo,XC70,2012,WP1AA2A29CL150197
100,Chevrolet,Corvette,1962,JH4DC538X3S563975
101,Maserati,Biturbo,1985,WBA3G7C55FK442081
102,Honda,Accord,1985,WBA4B3C57FG533657
103,Audi,4000s Quattro,1986,WBXPA93455W679883
104,Chevrolet,Metro,1998,3C63D2CL9CG100320
105,Ford,Lightning,1994,1GYS4AEF4BR196789
106,Pontiac,Grand Prix,1969,WP0AB2A82CU671472
107,Land Rover,Range Rover,2004,KMHFH4JGXFA077575
108,GMC,Vandura 2500,1993,SCFEBBAK3EG046076
109,Dodge,Caravan,1992,3D7JV1EP0BG104655
110,Mazda,Protege,2001,1G4GJ5G36CF312801
111,Chevrolet,TrailBlazer,2006,4T1BK3DB6BU842915
112,Chevrolet,Suburban 1500,2006,WBSDE93443C399612
113,Hummer,H1,1993,JTHBL5EF9F1678466
114,Audi,A6,2001,5N1AA0NE8EN946553
115,Mercedes-Benz,SL-Class,1985,1FMJK1F5XCE372095
116,Chevrolet,Astro,1995,WAUFFAFL0DN643163
117,Mercedes-Benz,SL-Class,1988,4T1BF3EK0AU302168
118,Ford,F-350 Super Duty,2006,JTDKDTB37E1223918
119,Buick,Skylark,1990,WBADN63491G262366
120,Acura,NSX,1992,KNDJN2A24E7934193
121,Pontiac,Grand Prix,1986,WAUGN74F89N004205
122,BMW,5 Series,2001,2B3CJ7DJXBH931286
123,GMC,Envoy,1999,5N1AN0NU0FN810673
124,Chevrolet,3500,1997,5N1AZ2MH4FN563176
125,Toyota,MR2,2003,WBA3F9C5XFK115920
126,Honda,Odyssey,2002,4A31K2DF6AE288097
127,Peugeot,207,2007,WAUKH78E36A826481
128,BMW,6 Series,2006,JTDKTUD34ED217370
129,Pontiac,Trans Sport,1991,JN8AS5MT5BW831949
130,Chevrolet,Tahoe,2005,WBAYE8C55ED065899
131,Volkswagen,Eurovan,1993,KNADM4A31D6330865
132,Ford,Probe,1990,WAUDFAFL1EN082173
133,Dodge,Caliber,2012,JTDKN3DU7F0299536
134,Honda,Prelude,1993,JTHBB1BAXA2731604
135,Infiniti,G,1993,1FTSW2A52AE329197
136,Volkswagen,Golf,1984,WAUDH78E26A062261
137,Mercedes-Benz,C-Class,2001,YV4952CT6E1895194
138,Nissan,350Z,2003,19UUA65526A151559
139,Mazda,Millenia,2000,JTEBU4BF7AK741981
140,Maserati,Quattroporte,1984,JN8AZ2KR1CT316189
141,Dodge,Grand Caravan,1996,1GYS4AEF9DR696868
142,Dodge,D250,1993,JTHHE5BCXF5963829
143,Volvo,XC90,2011,WBAPK5C52BF336615
144,Chrysler,300M,2001,WBAHN83588D276678
145,Honda,Civic,2008,1C4PJLAK2CW491668
146,Hyundai,Veracruz,2009,5UXZV8C50DL091756
147,Pontiac,Grand Am,1989,3GYFNJE38DS621533
148,Volkswagen,Jetta,2007,1FTNF2B56AE637386
149,Buick,Century,1992,1FTWX3A52AE490461
150,Mazda,B-Series,1996,WAUFGAFBXBN802711
151,Bentley,Continental,2008,WAUKG94F96N722308
152,Scion,tC,2011,WAUEF78E08A106934
153,Chevrolet,HHR,2007,1G6DP8E32C0609774
154,GMC,Acadia,2012,4F2CY0C71AK880386
155,Toyota,Matrix,2007,YV1672MW3B2234893
156,Mazda,RX-8,2007,WAUKF98E46A608406
157,Pontiac,Firebird,1969,KMHTC6AD7DU127086
158,Mercedes-Benz,S-Class,1992,WAUEKAFB7BN380097
159,Saturn,Aura,2008,3C3CFFDR2ET652804
160,Chrysler,Imperial,1926,WAUSFAFL9CA794295
161,Mercedes-Benz,M-Class,1998,1N6AD0CU0CC745449
162,Acura,RL,2008,WA1BY74L97D492684
163,Hummer,H2 SUT,2006,WA1CMBFP6EA492255
164,Infiniti,EX,2010,WAUDF78E85A221417
165,GMC,Canyon,2012,5TDDK3DCXFS771069
166,MINI,Cooper,2011,WP1AE2A28DL410434
167,Honda,Ridgeline,2011,JN1BY1AP4DM396583
168,Mitsubishi,Galant,1995,WA1LGAFE0DD373484
169,Volvo,V50,2007,4T1BF1FK4CU897323
170,Geo,Prizm,1994,1GTN1UEH4EZ062092
171,Chrysler,Town & Country,1993,1J4AA2D1XBL058919
172,Panoz,Esperante,2007,JHMZF1C44CS456259
173,Nissan,Xterra,2001,2HNYD18914H751118
174,Honda,Prelude,2001,1G6DP8ED9B0609830
175,Jeep,Commander,2010,WAUDF98E07A284848
176,Ford,F350,1992,4USCN53472L665905
177,Acura,MDX,2010,WBSDE93452B341948
178,Suzuki,Vitara,2002,WAUAH74F16N457400
179,Mitsubishi,Mighty Max Macro,1993,WA1LGBFEXBD491402
180,Buick,LeSabre,1995,WBA3V7C55EP421917
181,Dodge,Ram 3500,1998,WUAAU34239N783565
182,Mitsubishi,Truck,1991,2T2BK1BA0EC040232
183,BMW,Z4,2004,1FTSW2B53AE274676
184,Mitsubishi,3000GT,1995,JM1NC2JF4B0283078
185,Chevrolet,Aveo,2004,5GALVBED0AJ334841
186,MINI,Cooper Clubman,2012,WBA1J7C56EV131765
187,Ford,Econoline E350,1997,JHMFA3F26AS055428
188,Lamborghini,Diablo,1990,WAUDGAFLXEA633396
189,Mercury,Mystique,1995,2G61L5S35E9875655
190,Pontiac,Grand Prix,1993,WBA3N3C54FF031987
191,Mitsubishi,RVR,1995,JN1BY1AP1DM355490
192,Mercury,Grand Marquis,1988,1N6AA0EJ1FN776102
193,Toyota,Matrix,2012,JTHBW1GG0E1753592
194,GMC,Sonoma,2000,1FMJK1FT2FE307213
195,GMC,Jimmy,2001,5XYZT3LB9EG483437
196,Chevrolet,Camaro,1972,1FTSW3B57AE267154
197,Volkswagen,Touareg,2012,1FTEW1CF9FK749724
198,Chevrolet,S10,1996,WAUDH78E08A801422
199,Cadillac,Escalade EXT,2009,4T1BF3EK3AU580918
200,Hyundai,Genesis,2009,WBAUP9C54CV182489
201,Lamborghini,Countach,1987,JH4CL959X8C611257
202,Chevrolet,Suburban 1500,2000,KNAFT4A25A5844139
203,Volkswagen,GTI,1988,5UXFB53554L946459
204,Hummer,H1,1999,5N1AN0NU2EN892615
205,Mercedes-Benz,500SEL,1992,1GD02ZCG9DZ085070
206,Mazda,B-Series,1989,2C3CDXJG0CH341019
207,Mercury,Milan,2006,1G4CW54K744165171
208,Oldsmobile,Cutlass Supreme,1995,1C3BC8EG3BN914743
209,Plymouth,Colt Vista,1992,WAUKH78E48A183464
210,GMC,Envoy,1998,4T1BD1FK6EU873324
211,Mazda,MX-5,1997,WAURV78T59A947961
212,Porsche,Cayman,2006,1GKS1AE03ER993618
213,Volkswagen,Corrado,1990,WBA5A5C57FD174296
214,Land Rover,Defender 90,1995,1G6DK67V480485578
215,Saab,9-7X,2005,WBAEV53462K286265
216,Jeep,Cherokee,2000,19UUA65664A940609
217,Oldsmobile,Bravada,1996,2G4WE567051308399
218,GMC,Savana 2500,2012,WAUJC68E22A418066
219,Mercury,Sable,2004,3VW4T7AT8EM793267
220,Ford,LTD Crown Victoria,1985,WAUHF98P86A340732
221,Honda,Passport,1997,1HGCR2E38EA600110
222,Ford,Contour,1998,19UUA9F53DA760723
223,Volkswagen,Phaeton,2006,5YMGY0C55CL577583
224,Lotus,Esprit,2000,19XFB4F26DE205100
225,GMC,Suburban 1500,1996,19UYA42793A190558
226,GMC,Safari,1995,5GAKRCKD4DJ824391
227,Chevrolet,Silverado 3500,2005,SCFAD01A97G798050
228,Mercedes-Benz,S-Class,2012,1VWAP7A37EC511225
229,Nissan,Frontier,1998,SCBDR3ZA7AC390991
230,Pontiac,Firebird,1969,WBAGL63585D204719
231,Cadillac,SRX,2011,WBAXH5C5XDD618756
232,Ford,Focus,2000,1G6AF5S32D0619702
233,Mazda,Miata MX-5,2010,JH4DC54884S143938
234,Lincoln,Continental,1984,1GYFK46868R563810
235,Buick,Skylark,1996,SCBFT7ZA5DC940095
236,Volkswagen,Fox,1990,5YMKT6C50F0965967
237,Buick,Park Avenue,2003,5GAKVAKD8EJ780400
238,Dodge,Caliber,2011,KMHGH4JF7BU782855
239,Oldsmobile,Cutlass Supreme,1995,WAUDH98E48A672497
240,Volkswagen,rio,1996,KMHEC4A43BA374150
241,Buick,Regal,2012,WAUSH98E77A131093
242,Chevrolet,Express 3500,2004,WBAWB3C54AP928039
243,Dodge,Monaco,1992,2T1KE4EE4CC565531
244,Jaguar,XJ Series,1993,1G6DK8EV7A0584531
245,Jaguar,XJ Series,1994,WA1AV94L87D493860
246,Kia,Rio,2005,WP0AB2A98FS691539
247,Chevrolet,Uplander,2006,1G4PT5SV9F4393781
248,GMC,Terrain,2011,WDBWK5EA1AF009600
249,Toyota,Sequoia,2005,KMHGH4JH8DU105138
250,Saturn,L-Series,2000,JN1BY1AR2EM606701
251,Chrysler,Cirrus,1996,1GYEC63T83R812114
252,Saab,9000,1993,WBAVL1C54EV745139
253,Mitsubishi,GTO,1997,1G6DL1ED9B0493905
254,Plymouth,Grand Voyager,1996,WBAKF3C58CJ832343
255,BMW,M,2000,1FTNS2EWXAD789743
256,Maserati,Coupe,2006,1ZVBP8JS3B5192648
257,Plymouth,Neon,1995,SCBCP73W68C633651
258,Volkswagen,rio,1996,2C3CCARG3FH299342
259,Ford,Taurus,1988,WAUZL64B61N267755
260,Kia,Rondo,2008,5J6TF1H54FL759477
261,Dodge,Viper,1997,WVGAV3AX4EW034848
262,Toyota,Camry,1995,1YVHZ8BH5D5850901
263,Volkswagen,Touareg,2012,WAUFGAFC2EN493832
264,Dodge,D350 Club,1993,WVWDB7AJ7EW313448
265,Chevrolet,Cobalt SS,2009,1G6YX36D685111406
266,Toyota,Camry,1994,1G6DG5E56D0150363
267,GMC,Yukon XL 1500,2004,4T1BK3DB7AU026505
268,Lincoln,MKZ,2007,JHMZE2H52DS744518
269,Mazda,Mazdaspeed 3,2012,3VW4T7AT3EM079515
270,Acura,NSX,1999,1D4PU2GK6AW444068
271,Mitsubishi,Eclipse,2011,1G4GB5EGXAF706964
272,Lexus,ES,1998,19UUA65606A041442
273,Volkswagen,Eos,2008,WAURD68D72A275591
274,Toyota,Sequoia,2011,1G6DP8E30C0595065
275,Volvo,XC90,2012,2T1KE4EEXCC450299
276,Pontiac,Bonneville,1987,3VW517AT1EM769631
277,Isuzu,Hombre Space,1998,2HNYD2H46CH071191
278,Hyundai,Elantra,2008,1D7RW2BK9BS838508
279,BMW,M3,2009,WAUFEBFM9CA999960
280,Pontiac,6000,1989,1G6KF54915U586613
281,Acura,RL,2008,KM8JT3AB4DU825126
282,Mercedes-Benz,E-Class,1997,WA1MYBFE7AD337259
283,GMC,Savana,2009,WVWED7AJ3AW359609
284,Hyundai,Genesis,2012,1G6YX36D175525515
285,Toyota,Echo,2005,WAUHGAFC6DN636434
286,Mitsubishi,Mirage,1996,2FMDK3AK3DB426629
287,Chevrolet,Equinox,2005,4USBT53443L039490
288,Lincoln,LS,2002,WA1DGAFP0EA768838
289,MINI,Countryman,2011,WAUMV94E99N756775
290,Volkswagen,Rabbit,2006,JTDKN3DU8B0803652
291,Plymouth,Voyager,1992,KNAFU5A22B5174246
292,Chevrolet,Express 2500,2000,1N6AA0CA2CN186375
293,Dodge,Nitro,2010,SAJWA0FA3AH053724
294,Suzuki,Swift,2001,1N6AA0ED6FN018136
295,Subaru,Tribeca,2012,WA1VMAFP6EA430485
296,Nissan,Versa,2009,4JGBB9FB9BA193662
297,Plymouth,Colt,1993,1C4SDJET3CC756897
298,Dodge,Ram Wagon B250,1993,WBAYP9C56DD645838
299,Dodge,Nitro,2007,5XYKT3A17CG269636
300,Honda,CR-X,1988,SCBCU7ZAXAC146026
301,Ford,Aspire,1995,2B3CA7CW7AH382111
302,Hyundai,Sonata,1998,JN1BJ0HP4EM105635
303,Kia,Soul,2012,1G4HR54K544533246
304,Dodge,Caliber,2012,1FADP3E27EL163636
305,Ford,Ranger,1988,5TDBM5G16AS164909
306,BMW,7 Series,2004,1G6DL1ED2B0531961
307,Isuzu,Hombre,2000,3VW8S7AT4FM899169
308,Dodge,Ram 1500,2002,WUAAU34269N906307
309,Mazda,Tribute,2006,3FAHP0CG6CR620692
310,Mercury,Capri,1985,5J6TF3H51FL241371
311,Ram,1500,2011,1FMEU5BE8AU514438
312,Mitsubishi,Precis,1992,2FMHK6DT9AB859410
313,Mercury,Mountaineer,2008,5N1AN0NU0CN285996
314,GMC,Acadia,2008,JN8AS5MT0FW106913
315,Mercedes-Benz,300SL,1992,1FTEW1E84AK820478
316,Pontiac,Sunbird,1988,1GYFK43868R389452
317,Jaguar,XK,2008,1G6AB5RA1D0631033
318,Dodge,Avenger,2009,5N1AA0NC7EN029294
319,Pontiac,Vibe,2006,WBA1J9C59FV403688
320,Lincoln,Navigator,1998,2D4RN4DEXAR563427
321,Ford,Thunderbird,1994,1GYEK63NX5R440847
322,Saab,9-3,1999,WBAFU9C53DD964520
323,Maserati,Quattroporte,1984,SCFAB42322K268103
324,Dodge,Ram Van 3500,1995,WAUDG78E26A422552
325,Ford,Bronco II,1986,2HNYD2H48CH882300
326,Volvo,S80,2004,1N4AA5APXCC583101
327,Mitsubishi,Mighty Max Macro,1993,1G4GE5EV8AF508194
328,Honda,Pilot,2012,1G6AU5S80E0988514
329,Lexus,GS,2006,1G4GC5G3XFF066267
330,Ford,Contour,1995,WAUAC48H15K702768
331,Dodge,Ram Van B350,1992,WVWGD7AJ2EW412721
332,Saturn,Aura,2007,1G6AT5S38E0661320
333,Ford,Thunderbird,1980,SAJWA4HA2EM852766
334,Honda,CR-X,1985,KMHEC4A40DA050771
335,Dodge,Neon,2001,1GD02ZCG3DF490231
336,Dodge,Durango,2003,TRUWT28N731666032
337,Daewoo,Nubira,2002,JH4DC53064S555691
338,Nissan,Maxima,2012,WBA3G7C57FK147936
339,Ford,E-Series,2011,3C3CFFFH7CT847539
340,Acura,RL,2011,2T1BURHE3FC349878
341,Toyota,Supra,1998,19UUA76527A423825
342,Jaguar,XJ Series,2001,2C3CDXCTXFH022791
343,Chevrolet,Corvette,1970,SALFP2BN3BH856805
344,Ford,Expedition,2003,3D73Y4HL5AG425129
345,Bentley,Continental GTC,2011,WAUET48H65K985914
346,Mitsubishi,Mighty Max,1996,1C3BC1FBXBN474059
347,Toyota,Tacoma Xtra,2004,4JGDF2EE8EA628952
348,Isuzu,Rodeo Sport,2001,JM1CW2BL4E0696173
349,Ford,E150,2004,WBA5B1C55FD783053
350,Pontiac,Grand Prix,1985,WAUKFBFL9CN306445
351,Pontiac,Montana SV6,2005,3C4PDDEG5FT316957
352,Jaguar,XJ Series,1996,1YVHZ8BA5A5389892
353,Ford,E-Series,2001,4F2CY0C79BK939721
354,Mercury,Tracer,1989,SCFFDCCD5CG035399
355,Subaru,Justy,1988,1N6AD0CW4FN709824
356,Daewoo,Nubira,2000,3GYT4NEF6BG486561
357,Mitsubishi,Mirage,1991,WAUVT68E35A677543
358,Pontiac,Fiero,1984,3C63DRALXCG489898
359,Volkswagen,Tiguan,2012,WAUKD78P49A102090
360,Saturn,S-Series,1996,SCBLE37G15C666845
361,Ford,Ranger,1985,WUATNAFG9BN503897
362,Ford,Excursion,2005,WA1YD54B12N183599
363,Volkswagen,Eos,2009,5UXKR0C5XE0708915
364,Porsche,Cayenne,2006,1G6DS8EV3A0581433
365,Lexus,LS,1995,1G6DS5ED9B0301277
366,Lincoln,Aviator,2005,JTEBC3EH6B2811157
367,Dodge,Ram 1500,2010,WVWDB7AJ2EW159554
368,Maserati,Quattroporte,1984,JN1CV6EK9AM454188
369,Volvo,S40,2002,1G4GD5ED1BF081758
370,Volkswagen,Phaeton,2005,WAUAH74F56N550372
371,Porsche,944,1987,1C6RD7GP0CS068662
372,Infiniti,I,1996,YV126MFC8F2934818
373,Maserati,Quattroporte,1985,WAUML44E85N155053
374,Lexus,ES,2010,2T1BU4EE4DC372994
375,Cadillac,DTS,2011,ZFBCFACH3FZ463230
376,Pontiac,1000,1984,WAUVT58E72A171199
377,GMC,Sierra 3500,2001,WAUSFAFL7CA495646
378,Oldsmobile,Cutlass,1998,2G4GS5ER9D9416665
379,Audi,A4,2012,1D7RV1GP2AS621396
380,Ford,Escape,2011,1FTEW1CM6CK368665
381,Dodge,Ram 1500,2001,2G61N5S36E9953547
382,Chevrolet,Silverado 1500,2000,JM1NC2NF8E0720532
383,Isuzu,Rodeo,2000,WA1LGBFE4CD337138
384,Ford,Tempo,1987,JM1CR2W37A0691917
385,Chevrolet,Caprice Classic,1994,1G4GH5G39CF507867
386,Chevrolet,Express 1500,2007,JN1CV6FE9EM737592
387,Nissan,JUKE,2011,WAUTFAFH1BN195527
388,GMC,Sierra 2500,2002,WAUEF78E27A024590
389,Volkswagen,Passat,2008,3VWAL7AJ9AM700820
390,Volvo,S40,2002,KNDPB3A20C7672436
391,Dodge,Spirit,1995,JN1BJ0HP0DM998160
392,Chevrolet,Monte Carlo,1996,1G4HD57278U073121
393,GMC,3500,1992,3GYFNCEY3AS107415
394,Volvo,XC70,2004,1GYS4CEF1DR698707
395,Pontiac,Grand Prix,1980,3VWJP7AT9CM502196
396,Volkswagen,Rabbit,2009,WAUKFBFL3BN042217
397,Subaru,Legacy,2006,1G6KF57924U161525
398,Lexus,LS Hybrid,2012,2D4RN5DG8BR479762
399,Mazda,RX-7,1989,3N1CN7AP0EL653380
400,Audi,V8,1992,1G6D25EY1B0382651
401,Plymouth,Voyager,1994,3GYFNGE30FS294048
402,Dodge,Neon,1999,1D7RE3BK0AS244297
403,Chevrolet,Corvette,1970,3VWML7AJ5EM488890
404,Chevrolet,Prizm,2002,3GYFNJE35DS846766
405,GMC,2500 Club Coupe,1995,SALFR2BGXEH370914
406,Mitsubishi,Eclipse,2012,2HNYD18291H195199
407,Mercury,Mystique,1998,1FMJK1G5XAE757460
408,Mazda,MX-5,1990,WP0AA2A88EK024477
409,Toyota,4Runner,2005,YV426MDB3F2251096
410,Dodge,Dakota,2010,1FTMF1CW4AF760627
411,Honda,Accord,2008,WAUKG98E96A952391
412,Honda,Ridgeline,2007,3C6TD5JTXCG693433
413,Mazda,MPV,1995,1ZVBP8AM5E5535529
414,Porsche,Cayenne,2010,WBSBL93464J363463
415,Chevrolet,Tahoe,2001,1C3CCBCG3EN736681
416,Subaru,Impreza,2002,1GYS4JEF4BR648403
417,Isuzu,Stylus,1992,3N1AB7AP7FY434579
418,Pontiac,Firebird,2002,4JGDF2EE9FA991102
419,Saturn,Ion,2007,WBAPT73558C991614
420,Jeep,Grand Cherokee,2012,WAUEH78E37A782562
421,Ford,F250,1994,SCBBP9ZA1BC792877
422,Oldsmobile,Regency,1997,3D7TT2CT4AG561715
423,Subaru,B9 Tribeca,2006,1N4AB7AP3EN115789
424,Dodge,Ram 2500,2005,5N1AN0NU7CC992203
425,Bentley,Continental GTC,2010,WAUJC58E65A588087
426,Chevrolet,Cobalt,2008,JH4DC53045S227428
427,Lincoln,Continental,1991,2G61M5S38F9935488
428,Saab,900,1999,1C4RDJDG7FC856525
429,Volkswagen,Jetta,1990,JH4CW2H60EC522602
430,Mitsubishi,Cordia,1987,JH4NA21605S983466
431,Chevrolet,Silverado 3500,2005,3N1AB6AP3AL612813
432,Lexus,SC,1993,WAUGL98E56A517336
433,Daewoo,Nubira,2002,2HNYD2H66DH722354
434,Mercedes-Benz,SL-Class,1989,WAULC58E45A340607
435,Ford,E-Series,1988,JHMZF1C61DS003946
436,Pontiac,Grand Prix,1991,2G4GR5EC5B9198065
437,Cadillac,Fleetwood,1954,WAULF98K99N210504
438,Oldsmobile,Aurora,1999,WDDGF4HB7DF152411
439,Lincoln,MKS,2011,1N6AA0EJ6FN578342
440,Dodge,Journey,2011,WBAYA6C59DD787312
441,Toyota,Sequoia,2002,KNDPB3A24D7649114
442,Volvo,S60,2002,WA1CFBFP8BA184882
443,Toyota,Highlander,2011,1HGCP2E80AA138539
444,Mitsubishi,Eclipse,2011,5TDDCRFH9ES393544
445,Pontiac,Bonneville,1991,WAUBF78E16A797620
446,Volkswagen,Jetta,1997,JN8AF5MR7BT386480
447,Hyundai,Sonata,2013,WAUDFAFL0BN808116
448,Bugatti,Veyron,2011,1FMCU9D73AK577651
449,Mercedes-Benz,C-Class,1996,SCFFDEDN8CG501667
450,Cadillac,Escalade EXT,2010,WBAFU9C59CC199477
451,Saab,9-5,2004,2G4GN5EX3F9819808
452,Ford,F350,1995,SALME1D48BA603970
453,Chevrolet,Camaro,1999,5UXFB93553L679099
454,Lexus,IS,2009,1C3CDZAB4EN505107
455,Plymouth,Neon,2000,JHMGE8G30CS362285
456,Nissan,Cube,2011,4A4AP3AU8EE170130
457,Ford,Aspire,1995,TRUWX28N911182784
458,Lexus,GS,2008,3GYFNGEYXBS129890
459,Saturn,S-Series,1996,1G6KD57YX2U493285
460,Mitsubishi,Pajero,1999,5N1AN0NW1FN132646
461,Mercedes-Benz,E-Class,2003,WBA3C1C51FK030765
462,Toyota,Prius v,2012,3D73Y4EL6BG476290
463,GMC,Yukon Denali,2000,WUAUUAFG6EN267608
464,Mercedes-Benz,300TE,1993,WA1LGAFE9BD894183
465,Volkswagen,Jetta,1993,WBA3N3C59FF489640
466,Lincoln,Continental,1991,4T1BK1EBXEU544634
467,Mitsubishi,Eclipse,1995,1GYS4JEF1CR394070
468,Mazda,MX-5,2005,1G6DJ5E38D0471076
469,Honda,Insight,2011,WBA5B1C54ED014316
470,Volkswagen,Passat,1996,WVGAV3AX5EW886593
471,Ford,C-MAX Hybrid,2013,3D73Y4EL2AG997473
472,Subaru,Forester,2006,WBALW3C53FC858961
473,Mazda,B-Series Plus,1994,JN1CV6FE4FM892293
474,Toyota,Land Cruiser,1997,3N1CN7AP4FL645283
475,Toyota,Sequoia,2007,WAUDG78E25A872152
476,Mitsubishi,Challenger,2004,WAUHFAFL5CA877734
477,Ford,Flex,2009,JTJBC1BA1B2585588
478,Audi,A6,1995,WBAYP5C57ED602913
479,Ford,Focus,2012,1FTWF3A51AE981199
480,Nissan,Maxima,2009,JN1AJ0HP7BM770438
481,Chevrolet,Lumina,1997,WUADNAFG7BN048746
482,Toyota,Land Cruiser,1994,4USBT33414L968932
483,Buick,Skyhawk,1989,JTHBL1EF4D5114464
484,Volkswagen,Cabriolet,2001,1HGCP2E33CA644227
485,Hummer,H3T,2009,WAU2GBFC1CN139589
486,Chevrolet,S10,1993,5TDBY5G17FS129436
487,Isuzu,Rodeo,1999,5UXFA53533L136071
488,Mercedes-Benz,SLR McLaren,2008,3C4PDDEG6CT679800
489,Holden,Monaro,2004,SCBZU25E41C328083
490,Mazda,Mazda5,2012,WAUDH74F38N820246
491,Jeep,Grand Cherokee,2010,5N1AA0NC7FN450336
492,Lexus,LX,2010,3C6TD5CT9CG352747
493,Hyundai,Accent,2005,WAUDH98E18A731571
494,GMC,Savana 3500,2002,WAUVT68E05A825681
495,Chrysler,Sebring,1999,WA1EY94L27D004572
496,Ford,Thunderbird,1989,19VDE3F75EE265027
497,Mercedes-Benz,SL-Class,2007,WAUBGAFC3CN250199
498,Dodge,Ram Van B150,1993,5LMJJ3H57AE073768
499,Subaru,Impreza,2004,1FTEW1CM6CF745410
500,Chevrolet,Corvette,2010,SCFAB01E39G213569
501,Volkswagen,New Beetle,2005,1GYS4GKJ4FR639847
502,Mitsubishi,Challenger,1997,1G6KD57Y69U866378
503,Subaru,Outback,2008,1GYS3RKJ0FR217573
504,GMC,Yukon,1996,WBAKG7C51BE049442
505,Maserati,430,1989,WAUMGBFL7DA831695
506,Acura,TL,2005,KL4CJCSB8DB355304
507,Toyota,Corolla,2010,3MZBM1K74FM990778
508,Audi,A8,2009,WAUDH68D21A358777
509,Jaguar,XJ,2007,WBA3R5C53EK937005
510,GMC,Sierra,2007,SCBLE37G83C123473
511,Chevrolet,1500,1992,3C4PDDEG7ET650003
512,Audi,A8,2005,KL4CJASB9DB940008
513,Jaguar,XK Series,2004,SALWR2TF6FA365581
514,Toyota,Tacoma,2009,WA1MKAFP8AA764433
515,Chevrolet,Express 2500,1996,JN8AE2KP4B9371032
516,Saturn,Ion,2007,5GAKVCKD1EJ351174
517,Kia,Sorento,2006,2HNYD2H35CH786048
518,Chevrolet,Silverado 1500,2007,3VW4T7AT9EM414616
519,Volvo,960,1992,WBAYA8C59FD337366
520,Volvo,S80,2011,1FTSW3B56AE734967
521,Oldsmobile,LSS,1998,1G6DP8ED9B0507475
522,Fiat,Nuova 500,2012,2FMGK5B87EB350202
523,BMW,5 Series,1992,1G6AE5S37F0074778
524,Plymouth,Acclaim,1995,1D4PT5GKXBW610646
525,Mitsubishi,Galant,1995,1GT02ZCG3EF053934
526,Mercury,Sable,1990,JH4CL96914C964334
527,Chevrolet,Silverado 2500,2008,1G4HR54K23U445804
528,Mercury,Sable,1986,JN8AF5MR3BT597451
529,Geo,Tracker,1992,5UXFA535X3L770235
530,Mitsubishi,Outlander Sport,2012,WA1EY94L37D257576
531,Pontiac,G6,2009,19UUA8F30DA386855
532,Nissan,NV1500,2012,1N4AL2AP6CN693785
533,Saab,900,1995,SCBFC7ZA6DC133052
534,Lincoln,LS,2004,WAUDN74F88N081674
535,Mercury,Milan,2011,WA1CMAFE7AD148077
536,Acura,RL,2011,WAULC58E85A940532
537,Hyundai,Sonata,2005,5GALVAED5AJ432211
538,Volvo,850,1994,1C4PJLAB9EW488561
539,Ford,Tempo,1990,JTJBC1BA2B2073709
540,Audi,riolet,1994,5TDBY5G17ES848622
541,Lexus,RX,2005,2C3CDXL95FH625779
542,Mercedes-Benz,SLR McLaren,2008,JH4DC53834S857820
543,Ford,EXP,1985,1GD21ZCG1DZ141207
544,Volkswagen,New Beetle,2000,2T1BU4EE8CC632795
545,Hyundai,Tiburon,1997,3D7TT2CT4BG088271
546,Porsche,944,1991,3D4PH9FG1BT551997
547,Land Rover,LR3,2007,WBAGN83575D726568
548,Lincoln,MKT,2013,3D7TT2CT5BG423859
549,Ford,Focus,2010,1GYFK56219R092491
550,Cadillac,STS-V,2008,3LNDL2L31CR348917
551,Cadillac,DeVille,1996,WBAVB335X6K919930
552,Infiniti,EX,2012,3C6TD4MT2CG823548
553,BMW,7 Series,2003,WP1AA2A25BL487013
554,Suzuki,Esteem,1997,WAUEV74F68N711874
555,Mitsubishi,Montero,2003,2G4WF521X41827649
556,Suzuki,SJ,1994,3N1AB6AP3CL862703
557,Chevrolet,Corvette,1960,1G4HR54KX1U624105
558,Volkswagen,Type 2,1991,WAUKF98E76A456668
559,Volkswagen,Eurovan,2001,WAUKF98E96A600737
560,Audi,S4,2005,JHMFA3F24BS332773
561,Suzuki,SX4,2011,WAURVAFD3CN825379
562,BMW,5 Series,2000,WBAFR7C55CC186828
563,Volvo,S40,2009,WA1WKBFP5BA954254
564,Pontiac,G8,2009,WUARL48H78K435875
565,Isuzu,Hombre,2000,5N1AR2MM1EC871705
566,Dodge,Viper,2008,WBA3B9C58DJ021100
567,Lexus,LX,1996,SCFBB04C49G374804
568,Studebaker,Avanti,1961,YV4952CTXC1045730
569,Volkswagen,Golf,2000,WAUEFAFL1FA550772
570,Volvo,S40,2010,WBSBR93464P225935
571,BMW,M3,2006,JN1EY1AP3EM863720
572,Ford,F250,2004,JA4AP3AU6CZ141748
573,Geo,Prizm,1997,1FTSW2B59AE323511
574,BMW,8 Series,1996,2C3CCAXJ4DH557217
575,Oldsmobile,Ciera,1994,1C6RD6HT1CS379572
576,Chevrolet,Impala,2008,SCFBB03B58G524524
577,Nissan,Frontier,2008,SCBLC37F44C832805
578,Pontiac,Firebird Trans Am,1986,2C3CDXBG0DH237887
579,Hyundai,Tiburon,2005,3C4PDCGBXET512886
580,Lincoln,Navigator,2007,1FTNS2EWXAD005383
581,Hyundai,Scoupe,1992,2C3CA3CV1AH834489
582,Ford,Transit Connect,2010,3VWAL7AJ9AM371553
583,Nissan,370Z,2009,3VW8S7AT5FM405689
584,Nissan,Frontier,2005,1FADP3E20FL197516
585,Toyota,RAV4,2005,JTHBK1EG1B2967642
586,Ford,Thunderbird,1958,WBAVB33556P721050
587,Mercury,Capri,1984,WBAEH73415C591108
588,Subaru,Impreza,2011,JN8CS1MW5EM179510
589,Pontiac,G3,2010,JN1AZ4EH6FM895448
590,Chevrolet,Suburban 1500,1995,WAUVT68EX5A254863
591,Mercury,Capri,1992,5GAKRAED2CJ799330
592,Subaru,Alcyone SVX,1997,WBADN53412G716055
593,GMC,Suburban 2500,1999,WDDGF4HB6DG421783
594,Toyota,Camry Solara,2006,2FMGK5B88EB616147
595,Mazda,626,1995,JN1AZ4EH5AM257622
596,Mitsubishi,Mirage,1994,2C3CCARG4EH937144
597,Acura,Vigor,1994,JTDJTUD33ED520216
598,Ford,Probe,1992,WBAYE8C50DD878839
599,Audi,A8,2000,WA1AY94L18D802271
600,Dodge,Ram Van B250,1992,WAUEF98E46A451067
601,Subaru,Legacy,2005,WAUNF78P08A316516
602,Jeep,Cherokee,1998,4T1BF1FK8DU555293
603,Volkswagen,Jetta,1984,5GALRBED3AJ418043
604,Chevrolet,Suburban 1500,2009,1G6AU5S84E0428446
605,Plymouth,Laser,1989,JN8AE2KP2E9693320
606,Chevrolet,Monte Carlo,2003,WAUKG74F66N180055
607,Suzuki,Daewoo Magnus,2006,4T1BF1FK9EU169810
608,Mazda,Protege,2003,WBAKX6C57BC444540
609,Chevrolet,Beretta,1996,4JGDA2EB1EA291934
610,Mercury,Topaz,1987,5N1BA0NC8FN004281
611,Chevrolet,Suburban,2011,WAURV78T29A701031
612,Toyota,Corolla,2002,WBAUP3C50BV422343
613,Ford,Econoline E350,2001,2G4WD582091506524
614,Mercedes-Benz,E-Class,1987,1GKKRNED3CJ976106
615,Mitsubishi,Montero,2001,WBA3A5C5XEJ909439
616,Chevrolet,Sportvan G20,1995,WAUWFAFH5CN139752
617,Ford,Econoline E150,1998,WDDGF4HB5DG059235
618,Mazda,MX-5,2003,WAULC58E52A497588
619,Volkswagen,Passat,1986,WBADR63482G543810
620,Toyota,Sequoia,2003,1C4RDJEG5DC710300
621,Dodge,Colt,1992,3VWKP7AJ0CM888011
622,Toyota,Corolla,2000,JTHFE2C24A2881620
623,GMC,Vandura 1500,1992,WAULC68E52A332226
624,GMC,Terrain,2011,2C3CCAGG9CH832888
625,Buick,Skylark,1998,JN1CV6EKXDM087676
626,Saab,900,1992,3LNHL2GC3CR141179
627,Lotus,Esprit,1997,3C3CFFCR0FT452023
628,Pontiac,6000,1986,WA1MKAFPXAA272244
629,Chevrolet,Silverado,1999,SALVP2BG2FH085272
630,Ford,Club Wagon,1992,2T2BK1BA8DC002021
631,Dodge,Charger,2011,WP0AB2A8XCS768964
632,Dodge,Dakota Club,1993,WAUBFBFL2AN936692
633,Chrysler,Town & Country,2010,WAUCVAFR3BA877473
634,Ford,F150,1992,3VW1K7AJ1BM270219
635,Ford,Mustang,2011,4USBU335X8L765548
636,Chevrolet,G-Series 3500,1998,JTEBU5JR8A5691690
637,Mercedes-Benz,M-Class,2002,1G6DL8E39D0345112
638,Hyundai,Sonata,2005,KL4CJGSB7EB104802
639,Dodge,Ram 2500,2002,5GAKVBED4CJ801824
640,Volvo,V70,2002,1N6AF0LX4FN094534
641,Ford,Tempo,1993,WAULD54B82N791178
642,Nissan,240SX,1997,JHMZF1D49CS723474
643,Honda,Element,2007,19UUA56671A062015
644,BMW,5 Series,1999,WP0AA2A99CS105770
645,Dodge,Caravan,1996,JN8AS5MT3AW198446
646,Mitsubishi,Galant,2002,5N1AN0NU1EN472733
647,Infiniti,QX,1997,4T1BD1FKXEU256458
648,Saturn,L-Series,2002,2HNYD2H45CH810518
649,Land Rover,Range Rover Sport,2009,3VW517AT7EM111246
650,Chevrolet,Corvette,2002,WAULC68E12A741839
651,GMC,Savana 1500,2001,3N1BC1CP1CK673023
652,Mitsubishi,Lancer,2006,WBABD33496J806030
653,Chevrolet,Camaro,2000,WAUBGAFB8BN424967
654,Mazda,MX-5,1995,1G6YX36D075528793
655,Chevrolet,Camaro,1970,WA1AM94L69D445697
656,Infiniti,I,2000,1ZVBP8AM3D5090724
657,Dodge,Viper,1995,5N1AL0MM9DC476403
658,Toyota,Avalon,2007,WBAUU3C57CA715030
659,Volkswagen,Type 2,1985,3GYFNCE31DS935021
660,Volkswagen,Golf,1999,WBAEA53569C589880
661,Ford,Courier,1986,1FTEX1CM9BF213905
662,BMW,M3,2006,JM1NC2NF9E0625929
663,Ford,E-Series,2009,3GYFNDE3XCS676467
664,Ford,E150,2004,2HNYD2H36DH059969
665,Kia,Sedona,2004,JM1BL1K50B1054314
666,Nissan,Altima,1998,WBAPH7C57AE601883
667,Ford,Escort,1996,KNADM4A33C6929362
668,Toyota,Camry Hybrid,2011,WVGAV3AX0DW982064
669,Dodge,Avenger,2009,YV1612FS4E2956552
670,GMC,Suburban 2500,1997,WBAVC53528F861249
671,Lexus,IS,2010,WBAUC7C55AV729685
672,Toyota,Sienna,2008,1G6DN57P790731267
673,Mazda,626,1990,1G6DP1ED3B0947263
674,Mitsubishi,GTO,1995,1J4PN2GK6AW221808
675,Acura,RL,2011,JH4KA96543C945273
676,GMC,Yukon XL 1500,2009,4T1BD1FK3CU250708
677,Acura,MDX,2008,JTDJTUD30ED942105
678,Nissan,Sentra,2007,2T1BU4EE8CC045044
679,Ford,F-Series,1995,WA1C8AFP3DA060817
680,Mitsubishi,Endeavor,2004,KNADH4A30B6390458
681,Lexus,LS,2005,1G6AU5S88E0880240
682,Mitsubishi,Mighty Max Macro,1992,1N6AA0CC4AN668747
683,Oldsmobile,98,1992,1FTSW2B53AE418274
684,Hyundai,Accent,2007,KMHGH4JH2DU434143
685,Lexus,LS Hybrid,2012,WAUKG98E16A229151
686,Volkswagen,Beetle,1967,1G6ET12921B127808
687,Mercedes-Benz,M-Class,2012,WAUPL68E55A865117
688,Audi,80,1992,2GKALMEK7C6367930
689,Cadillac,DeVille,1998,WBA3N3C56FK874676
690,Pontiac,Bonneville,1993,SAJWA4EC9EM632899
691,Lincoln,Continental,1996,WAULT68E75A837558
692,Lamborghini,Countach,1987,2C3CDZBT0FH637542
693,Mercedes-Benz,500SEC,1993,JN1AZ4EHXFM087443
694,Scion,xB,2009,JN1CV6FE2CM125912
695,Oldsmobile,Alero,2003,2C3CCAEG6FH793653
696,Toyota,Sienna,2011,1GYS4HEF2DR865511
697,Chevrolet,Impala,1995,WBAGN63524D231259
698,Volvo,S80,2010,5J8TB4H36GL874733
699,Chevrolet,Camaro,1997,1G6AH5RX3D0673223
700,Chevrolet,Suburban 1500,1994,4USFE43517L965656
701,Ford,Mustang,1987,2B3CJ4DG6BH469702
702,Chevrolet,Corsica,1996,1YVHZ8BH9D5299887
703,Lexus,LS,2012,1G6DM8E31D0841003
704,GMC,Envoy,2004,JH4CL96936C351134
705,Honda,Ridgeline,2009,WDBWK5EA1AF799299
706,Cadillac,Seville,1995,1G6DV8EP8B0583382
707,Chrysler,Town & Country,2000,WAUBF78E46A226090
708,Bentley,Continental,2011,JN8AF5MR6BT575086
709,Volkswagen,Type 2,1990,SALSF2D45DA898765
710,Lexus,LS,2003,1GTN1TEH7FZ253520
711,Honda,Civic Si,2003,2LMHJ5FK4FB416548
712,Porsche,Boxster,1999,KNAGG4A84A5437412
713,Pontiac,Fiero,1985,5TFCM5F12AX591682
714,Volkswagen,Passat,2006,1GYS4LKJ3FR397934
715,Volkswagen,R32,2008,WAUJT64B33N067917
716,Acura,Integra,1993,1FMHK7B82BG774973
717,Buick,Riviera,1991,1G6DZ67AX90428490
718,BMW,3 Series,2005,4A31K2DF3BE661534
719,Audi,S8,2001,1N6AA0ECXEN173388
720,Mazda,Familia,1989,WBADX1C55DJ967212
721,Saab,9-3,2007,1GYS4CKJ1FR592124
722,Isuzu,i-Series,2007,5XYKT3A10BG027866
723,BMW,X5,2009,TRUSC28N741899053
724,Ford,EXP,1984,SCFFDCCD3CG418158
725,Audi,Allroad,2001,5N1AA0ND0EN303055
726,Mitsubishi,Tredia,1985,WAUNF98P56A542107
727,Ford,F250,1994,YV1940AS9B1888668
728,Jeep,Grand Cherokee,1995,1FTSW2A54AE696814
729,Infiniti,QX56,2010,1G6AT5S37F0624535
730,Lexus,IS,2009,3D73M4CL7AG898128
731,Pontiac,Trans Sport,1997,JN8AE2KP1B9622315
732,Jeep,Patriot,2008,WBA3N9C54EK098372
733,Toyota,MR2,1992,WAUDH94F98N646565
734,Kia,Sportage,1996,3N1CN7AP5FL539490
735,Volvo,C30,2010,WA1AV74L09D297726
736,Dodge,Dakota Club,1996,JA32X8HW6DU364559
737,Nissan,300ZX,1991,SAJWA1EK7EM911421
738,Lexus,IS,2006,1G6AH5RX9E0131593
739,Mitsubishi,Truck,1996,JN8AZ2KR8BT174132
740,Chevrolet,Suburban 2500,1997,JH4CW2H6XCC412430
741,Mitsubishi,Chariot,1989,3GTU2YEJXDG857763
742,Ford,F350,2001,WBA3A9G50EN507424
743,Toyota,TundraMax,2009,WBAWR3C52AP759876
744,Land Rover,Range Rover,1991,1G6KD57Y17U519151
745,Toyota,Camry,2012,1FTEW1CW7AK051699
746,Chrysler,New Yorker,1995,1N6AF0KX3FN355430
747,Ford,Bronco II,1989,1G4PS5SK1C4273106
748,Chevrolet,Colorado,2006,SCBFR7ZA4CC999605
749,Mazda,RX-7,1991,5N1AN0NWXFN685599
750,Ferrari,F430,2006,5N1AN0NU9CC833277
751,Kia,Forte,2011,WBA5A7C54FG645332
752,Scion,xB,2004,2G4WF551511486796
753,Infiniti,G35,2004,WBAYP1C58FD881864
754,Volvo,S90,1997,JN8AZ1MU4EW000802
755,Volkswagen,GTI,1996,WVGAV7AX6CW330054
756,Porsche,Panamera,2012,WBANN73587C943976
757,Maserati,Quattroporte,2007,1G4HD5EM2AU632889
758,Lotus,Esprit,2003,1G6AA5RX1E0303622
759,Plymouth,Acclaim,1992,5YMGZ0C50CL760421
760,Audi,riolet,1998,19XFA1F25AE473147
761,Pontiac,Firefly,1988,1GYUKHEF7AR239494
762,Nissan,Maxima,1998,WAUDH78E36A015207
763,Nissan,Murano,2010,WBAUU3C5XBA561878
764,Ferrari,California,2010,2LMHJ5AR4AB345400
765,Chrysler,Grand Voyager,2000,1FTMF1C83AK430597
766,Ford,Thunderbird,1985,4USBU53537L821694
767,Hummer,H2,2007,4JGBB2FB7BA802044
768,Lexus,LS,2010,WDDPK4HA3CF454845
769,Toyota,Land Cruiser,2009,19UUA9E5XEA539767
770,Lexus,RX,2009,KL4CJASB9EB214182
771,Dodge,Ram 1500,1998,JN8AE2KP8F9635696
772,Lincoln,Town Car,2002,SALGS2EF3EA203461
773,Toyota,Prius,2006,WA1CFAFP5CA730369
774,Volkswagen,Golf,2010,4T1BK1EB6FU293662
775,Volkswagen,Golf,2003,WAUSF78K89A878284
776,Lexus,LX,2011,WAUYP64B41N382421
777,Lotus,Esprit,2004,JA4AP3AU4BZ676754
778,Audi,A5,2008,1G6KS54Y61U726541
779,Chevrolet,Blazer,1994,YV440MBKXF1505437
780,Porsche,911,2008,WAUAT48H23K432463
781,GMC,Yukon,1998,1G6DS5E37D0564443
782,Jeep,Wrangler,2011,JH4KB16527C550688
783,Ford,Econoline E350,1997,KNDMB5C13F6118840
784,Volkswagen,Golf,2003,SCBFT7ZA8DC596665
785,Mercedes-Benz,SLK-Class,2010,WBAYF4C56DD931890
786,Jeep,Patriot,2007,WA1YL54B84N441199
787,GMC,Savana 3500,2003,WBA3V5C52F5209753
788,Buick,Rendezvous,2003,SCFEBBAK5DG602449
789,Lotus,Esprit,2001,WA1VMAFE5ED197731
790,Toyota,Tacoma,1995,19XFA1E32AE386252
791,Chevrolet,Silverado,2011,WBA3A5G59DN969715
792,MINI,Cooper,2009,1G6DL8EY5B0266397
793,BMW,M3,2003,3GYFNCE3XDS897000
794,Hyundai,Elantra,2008,1G4GA5GR4FF907624
795,Nissan,Pathfinder Armada,2004,WAUEFBFL3BN370251
796,Cadillac,Escalade ESV,2012,JM1NC2EF1A0214101
797,Ford,Edge,2012,YV1982BW8A1804615
798,Porsche,Cayenne,2013,4T1BD1EB6DU123499
799,Nissan,Sentra,2010,3C6JD6BP5CG748482
800,Mercedes-Benz,R-Class,2011,19UUA56713A501480
801,Ford,LTD Crown Victoria,1988,JN1CV6FE4FM439999
802,MINI,Cooper Clubman,2008,3VWKX7AJ4DM077295
803,Toyota,Corolla,1996,1G4PN5SK3C4826300
804,Dodge,Ram 1500 Club,2000,WAUKF78E58A070063
805,GMC,Sierra 3500,2004,SCBBR93W69C206781
806,Cadillac,Escalade EXT,2005,3TMJU4GN4BM484336
807,Maybach,62,2006,5N1AT2MLXEC051518
808,Panoz,Esperante,2007,4T3BA3BB7CU043465
809,Mazda,626,1993,WAUBC48H96K800405
810,Scion,xB,2005,JN1CV6EK6AM963770
811,Mazda,Mazda2,2012,ZFF60FCA0A0623090
812,Mitsubishi,Outlander,2003,2G4GP5EXXF9060228
813,Cadillac,Escalade ESV,2009,2G4GU5GX7E9125654
814,Honda,Civic,2000,5N1AR2MM9EC689797
815,Honda,Accord,1984,SCFFBCBD3BG419008
816,Jaguar,XK,2010,1C3CDZBG7CN930926
817,Audi,Cabriolet,1998,WAUGVAFR3BA126178
818,Hyundai,Tucson,2008,KMHGC4DDXDU771411
819,Saab,900,1999,SCFHDDBT5EG228467
820,Chevrolet,Suburban 1500,1997,1FMJK1H56CE079582
821,Chevrolet,Venture,2003,1FTMF1CW5AF024375
822,Saturn,VUE,2006,SALFP2BN7AH039822
823,Lincoln,Navigator L,2009,SALAF2D49AA791225
824,Maserati,Coupe,2006,1GD22ZCG0DZ393897
825,Chevrolet,Cobalt SS,2007,YV440MBM8F1185195
826,Toyota,Tacoma Xtra,2001,WBSBR93421E316112
827,Subaru,Baja,2006,WAUVC68E24A396719
828,BMW,X3,2008,SALGS2EF7EA479724
829,Lexus,IS,2008,WBAEB53539C370503
830,Mazda,Mazda3,2012,4T1BF3EK2BU358646
831,GMC,Sierra,2008,5GADV23L65D789292
832,Saturn,Aura,2009,WBAUP7C5XDV821318
833,Mercury,Topaz,1985,WVGAV3AX0EW019912
834,Ford,Taurus X,2009,KNAFT4A20C5675747
835,Chevrolet,Express 2500,2007,5TDDCRFH0ES740792
836,Audi,S6,2010,ZHWGU5BZXCL656390
837,Ford,LTD Crown Victoria,1987,WAUKD98P17A376551
838,Ford,Taurus,2004,2HNYD18874H719734
839,Volkswagen,Jetta,2011,1FTEW1C82AF993301
840,Hyundai,Sonata,1996,2HNYD2H2XAH342300
841,Nissan,Altima,2012,WAUHF78P49A267688
842,Cadillac,DeVille,1994,1GD22XEG2FZ074537
843,Mazda,MX-5,2008,WAUAH74F77N499491
844,Chevrolet,Express 2500,2006,5XYZT3LB1DG667298
845,Acura,RDX,2012,WBAKX8C54BC081237
846,BMW,7 Series,1994,WVWED7AJ4DW417652
847,Mazda,MPV,1997,WP0AB2A83CS422707
848,Cadillac,Escalade,1999,WAULFAFR2DA613547
849,Maserati,Biturbo,1986,1FTEX1EW1AK821955
850,BMW,530,2005,JN1CV6FE3BM269239
851,Suzuki,Swift,1992,5UMCL934X2L028182
852,Pontiac,Grand Am,1994,1G6DV57V290077017
853,Suzuki,XL7,2009,KNAFX6A86F5012188
854,McLaren,MP4-12C,2012,4T1BF1FK2FU553347
855,Infiniti,G25,2011,1N4AL2AP6CN480836
856,Mercury,Sable,1991,SAJWA1CB4BL112328
857,Saab,9-3,2000,1FTMF1E86AK572374
858,Volkswagen,Golf III,1995,1FTEX1E81AF723602
859,Oldsmobile,88,1999,2G4WS55J531025550
860,Audi,90,1991,WBAXG5C54DD345865
861,Mitsubishi,Galant,1985,3D73Y4CL1AG549826
862,Chevrolet,Corvette,2011,SALFR2BG3DH413956
863,Aston Martin,V8 Vantage S,2011,KMHGN4JE3FU101709
864,Kia,Rondo,2008,19UYA42733A992989
865,Mazda,MX-3,1994,19UYA42781A937046
866,Dodge,Dakota,1997,3C4PDCBB3DT964880
867,Pontiac,LeMans,1966,WAUHF78P78A504429
868,Saab,9-3,2006,3C3CFFARXET195728
869,Nissan,Maxima,1998,WAUDF48H87K669226
870,MINI,Cooper,2008,WBAGN83515D453661
871,Chevrolet,Express 2500,2004,5TFBM5F12AX289935
872,Jeep,Grand Cherokee,2010,3GTU2YEJ6CG907010
873,Ford,Explorer,2004,1FAHP2D8XEG294926
874,Nissan,Pathfinder,2000,5N1AT2MK1EC639590
875,Suzuki,Aerio,2007,WBAVA33578P328656
876,Isuzu,Trooper,2002,JHMZE2H51DS858686
877,Porsche,Cayenne,2012,5UXWX7C59EL414081
878,Chevrolet,Avalanche 2500,2006,WAUAH78E26A759626
879,Mazda,626,1998,JN8AF5MR8CT226027
880,Eagle,Summit,1996,3GTXKYEJ3AG400625
881,Kia,Rio,2006,4F2CY0C77AK031928
882,Chevrolet,Tahoe,2002,1N4AA5AP6EC741436
883,Dodge,Charger,2008,5TDBM5G17AS185655
884,Kia,Sportage,2006,WBA5A7C57FG519241
885,Buick,Regal,1994,1GYUKJEF8AR468175
886,Ford,Escort,1986,1C3BC4FB5BN394587
887,Acura,MDX,2009,2C3CDXEJ7FH489274
888,Cadillac,STS,2007,4T3BK3BB6FU165980
889,Ford,Freestar,2005,2T2BK1BA4DC493977
890,Nissan,Titan,2012,JH4CL96895C481280
891,Jeep,Liberty,2009,3D73Y4HL9BG766762
892,Chevrolet,Venture,2003,1D4RD4GG5BC550398
893,Audi,A4,2006,JH4CU26699C478386
894,Dodge,Dakota,1993,1C4RDJAG8DC202344
895,Dodge,Spirit,1993,3GYFK66N03G791733
896,Ford,Tempo,1990,3GYFNBEY0AS310434
897,Chrysler,Sebring,2005,WAUML44E66N941662
898,Mazda,B-Series,1991,JTEBU5JR0E5819698
899,Kia,Sportage,1995,1FM5K7B82EG505654
900,Audi,S8,2006,WAUMV94E48N743866
901,Mercedes-Benz,M-Class,2004,1FAHP3E27CL989675
902,Ford,Taurus,2008,19UUA8F56DA960988
903,Chrysler,Sebring,2008,1N4CL2AP0AC442049
904,Mercedes-Benz,190E,1992,2T2BK1BA3FC844767
905,Nissan,Quest,2001,2C3CCAFJ5CH174869
906,Ford,Festiva,1988,3VW1K7AJ0FM167718
907,Nissan,Frontier,2011,5J6TF2H57EL764774
908,Volkswagen,GTI,1992,1GTG5BE38F1404780
909,Chevrolet,TrailBlazer,2003,5FNYF3H20AB375317
910,Dodge,Dakota Club,1998,WP0CB2A82FS482264
911,Aston Martin,DB9,2010,WVGEF9BP7ED747240
912,Scion,xB,2004,1G6AE5S34E0327134
913,BMW,745,2003,3TMJU4GN0BM249920
914,Ford,Laser,1985,1G6DP577150151470
915,Pontiac,Sunbird,1985,5N1AA0NE9EN845778
916,Toyota,Land Cruiser,1995,WBA3T3C5XFP681858
917,Honda,Odyssey,1999,1B3CB7HB7AD058382
918,Honda,CR-V,1999,3GYT4LEF2BG529068
919,GMC,2500 Club Coupe,1994,3VW517ATXEM468212
920,Mercury,Tracer,1999,JN1AZ4EH3FM636920
921,Suzuki,XL-7,2008,WBAUU3C59AA117518
922,Mercedes-Benz,S-Class,1992,1GYS4KEF0CR218987
923,Buick,Rendezvous,2006,WAUEFBFL5BN004338
924,Mitsubishi,Galant,1986,WAU4FAFR8AA576360
925,Porsche,928,1989,2B3CK3CV1AH460072
926,Toyota,Sienna,1999,5GADS13S472551515
927,Mitsubishi,Precis,1986,1FMJK1FT2FE848200
928,Mazda,MX-3,1993,WBA3V5C53EJ424712
929,Porsche,Cayman,2010,WA1YD64B15N827922
930,BMW,3 Series,2005,KMHTC6AD9DU535878
931,Chevrolet,Colorado,2005,1FTEW1C8XAF183270
932,Chevrolet,SSR,2005,1C4SDJCTXDC303820
933,Buick,Regal,2004,WBABN334X2J856636
934,Alfa Romeo,164,1995,WA1BV94L47D185427
935,Mercury,Mountaineer,1998,JN1AZ4EHXFM568843
936,Ford,Tempo,1991,KMHCT4AE7DU552532
937,Chevrolet,Corvette,1993,19UUA662X7A800322
938,Mercedes-Benz,500SEL,1993,JA32U2FU2EU891815
939,Ford,Mustang,1972,1N6AF0KY0FN111808
940,Acura,Vigor,1994,1GD01XEG4FZ241572
941,Lincoln,Continental,1997,WAUKFAFL5BN834878
942,Mitsubishi,Galant,1987,3N1CN7AP5EK889240
943,Buick,Terraza,2005,1NXBE4EE2AZ080395
944,Volkswagen,Golf,2011,1GYUKGEF7AR504831
945,Chevrolet,Express 1500,2002,1N6AF0LY4FN011094
946,Toyota,Camry Hybrid,2009,3VW4A7AT6DM996016
947,Chevrolet,SSR,2006,JH4CU2F43DC370448
948,Chevrolet,2500,1993,4T1BK1EB9FU646752
949,Ford,LTD Crown Victoria,1991,WDDHF5KB9EA107777
950,Volvo,V90,1998,4T1BF1FK2CU004470
951,BMW,7 Series,2006,3D73M3HL6AG096088
952,Ford,F150,2001,WAULT68E24A255088
953,Lotus,Esprit,1999,WBAUL73579V909973
954,Lexus,LX,1997,1ZVBP8AM0B5174352
955,Mercedes-Benz,CL-Class,2012,1GKKRNED7DJ392955
956,Chevrolet,Metro,2000,JN8AF5MR1CT598244
957,Buick,Rainier,2007,WAUHF98P78A786115
958,Honda,Pilot,2012,JA32U2FU3EU143199
959,Ford,E-Series,1994,1FTEW1E85AF739210
960,Porsche,968,1994,WBAHL03586D894121
961,Pontiac,Montana,2004,JTHBB1BA0C2254104
962,Hyundai,Elantra,2003,1G4PR5SK6E4079301
963,Chevrolet,Monte Carlo,1995,KMHTC6AD4FU004414
964,Suzuki,Esteem,2000,JH4CL95834C230318
965,Mercedes-Benz,E-Class,1987,JH4KB166X7C882192
966,Mercedes-Benz,E-Class,1986,JN8AE2KP3E9891923
967,Pontiac,Grand Am,1999,4T1BK3DB8CU699659
968,Ford,Mustang,1971,2C3CCADT7CH298016
969,Chevrolet,SSR,2003,5J8TB4H56GL928095
970,Nissan,Sentra,2004,WBAUT9C55BA805555
971,Chevrolet,Blazer,2004,1G6AB5S36F0424880
972,Lexus,LX,2011,1GYS4AEF0ER287675
973,Land Rover,LR4,2012,SCBBR93W878652141
974,Toyota,Camry,1997,JN8AZ2KR4CT658039
975,Mercedes-Benz,M-Class,2004,2C4RDGBG1FR810475
976,Volvo,XC90,2003,WAUKG68E15A947537
977,Maserati,Karif,1989,WBALZ3C52CD366659
978,Toyota,Paseo,1993,WBAVB73508F703233
979,Pontiac,G6,2008,WA1WMAFE7FD259233
980,Ford,Explorer,2004,3FADP0L37AR983012
981,Lincoln,Town Car,2005,SCBZB25E52C313616
982,Nissan,Maxima,2005,19XFB2E5XCE984760
983,BMW,530,2007,WBAVL1C50DV237927
984,Chevrolet,Prizm,2002,1FMCU0C78AK017394
985,Chevrolet,APV,1993,2G61M5S3XE9018079
986,Chevrolet,G-Series 2500,1997,3D4PH6FV4AT511604
987,Volkswagen,Corrado,1991,1G4HR57Y38U857236
988,Volkswagen,Golf,1998,YV126MFJXF1168000
989,Toyota,Previa,1997,SCFFDCCD5CG685821
990,Cadillac,Escalade ESV,2011,KNADM4A32D6691165
991,Chevrolet,Silverado 3500,2002,YV4952CF9C1455915
992,Suzuki,Aerio,2003,1N6AA0CJ3EN946400
993,MINI,Cooper,2010,JHMZF1C62CS983007
994,Pontiac,G6,2007,5XYKT3A18BG565649
995,Pontiac,Sunfire,2003,JH4KA966X2C158044
996,Buick,Century,2001,2T2BK1BA4FC892407
997,Ford,Aspire,1997,WP0AA2A97FS440790
998,Mazda,MX-5,1993,KM8NU4CC2AU455977
999,Chevrolet,Express 3500,2006,WDDNG9FB6DA498239
1000,Ford,Windstar,1996,WBABN73473P117388
